CREATE DATABASE IF NOT EXISTS `university`;
USE `university`;
CREATE TABLE IF NOT EXISTS `faculty`
    (
    `id` INT NOT NULL AUTO_INCREMENT,
    `name` VARCHAR(255) NOT NULL,
    PRIMARY KEY (`id`)
    ) DEFAULT CHARACTER SET utf8mb4
    COLLATE `utf8mb4_unicode_ci`
    ENGINE = InnoDB
    ;
INSERT INTO `faculty` (`id`, `name`) VALUES
    (1, 'Экономический факультет'),
    (2, 'Факультет управления и права'),
    (3, 'Факультет социальных технологий');
CREATE TABLE IF NOT EXISTS `group`
    (
    `id` INT NOT NULL AUTO_INCREMENT,
    `name` VARCHAR(255) NOT NULL,
    `faculty_id` INT NOT NULL,
    PRIMARY KEY (`id`)
    ) DEFAULT CHARACTER SET utf8mb4
    COLLATE `utf8mb4_unicode_ci`
    ENGINE = InnoDB
    ;
INSERT INTO `group` (`id`, `name`, `faculty_id`) VALUES
    (1, 'ФК-11', 1),
    (2, 'ФК-12', 1),
    (3, 'ФК-13', 1),
    (4, 'ГУ-11', 2),
    (5, 'ГУ-12', 2),
    (6, 'ГУ-13', 2),
    (7, 'ССиТ-11', 3),
    (8, 'ССиТ-12', 3),
    (9, 'ССиТ-13', 3);
CREATE TABLE IF NOT EXISTS `student`
    (
    `id` INT NOT NULL AUTO_INCREMENT,
    `lastname` VARCHAR(255) NOT NULL,
    `name` VARCHAR(255) NOT NULL,
    `middlename` VARCHAR(255) DEFAULT NULL,
    `age` INT NOT NULL,
    `group_id` INT NOT NULL,
    PRIMARY KEY (`id`)
    ) DEFAULT CHARACTER SET utf8mb4
    COLLATE `utf8mb4_unicode_ci`
    ENGINE = InnoDB
    ;
INSERT INTO `student` (`id`, `lastname`, `name`, `middlename`, `age`, `group_id`) VALUES
    (1, 'Андреев', 'Николай', 'Иванович', 18, 1),
    (2, 'Крылов', 'Сергей', 'Дмитриевич', 20, 1),
    (3, 'Загайнов', 'Геннадий', 'Васильевич', 19, 1),
    (4, 'Попугаев', 'Артем', 'Эдуардович', 18, 1),
    (5, 'Иванов', 'Алексей', 'Викторович', 19, 1),
    (6, 'Вохминцева', 'Ольга', 'Вячеславовна', 29, 2),
    (7, 'Сорокина', 'Лариса', 'Вячеславовна', 19, 2),
    (8, 'Сорокин', 'Сергей', 'Петрович', 20, 2),
    (9, 'Лоскутов', 'Михаил', 'Петрович', 19, 2),
    (10, 'Макарова', 'Анна', 'Сергеевна', 21, 2),
    (11, 'Захарова', 'Ирина', 'Николаевна', 40, 3),
    (12, 'Семенов', 'Геннадий', 'Олегович', 28, 3),
    (13, 'Игнатьев', 'Андрей', 'Сергеевич', 21, 3),
    (14, 'Соколова', 'Инна', 'Ивановна', 18, 3),
    (15, 'Родионова', 'Елена', 'Ивановна', 20, 3),
    (16, 'Лебедев', 'Андрей', 'Георгиевич', 18, 4),
    (17, 'Медведев', 'Дмитрий', 'Анатольевич', 15, 4),
    (18, 'Цветков', 'Михаил', 'Игоревич', 20, 4),
    (19, 'Громов', 'Петр', 'Викторович', 25, 4),
    (20, 'Логинов', 'Аркадий', 'Ильич', 18, 4),
    (21, 'Васильева', 'Екатерина', 'Эдуардовна', 19, 5),
    (22, 'Львов', 'Константин', 'Павлович', 22, 5),
    (23, 'Кропотов', 'Павел', 'Александрович', 21, 5),
    (24, 'Путин', 'Владимир', 'Владимирович', 18, 5),
    (25, 'Козлов', 'Максим', 'Сергеевич', 19, 5),
    (26, 'Морозова', 'Надежда', 'Владимировна', 18, 6),
    (27, 'Сергеева', 'Арина', 'Романовна', 19, 6),
    (28, 'Журавлев', 'Александр', 'Романович', 19, 6),
    (29, 'Лаптев', 'Вадим', 'Андреевич', 23, 6),
    (30, 'Круглова', 'Виктория', 'Даниловна', 17, 6),
    (31, 'Красников', 'Сергей', 'Павлович', 22, 7),
    (32, 'Кротков', 'Алексей', 'Юрьевич', 18, 7),
    (33, 'Домрачева', 'Елизавета', 'Алексеевна', 19, 7),
    (34, 'Рязанова', 'Анастасия', 'Ивановна', 20, 7),
    (35, 'Маркова', 'Елена', 'Сергеевна', 22, 7),
    (36, 'Галкина', 'Галина', 'Николаевна', 20, 8),
    (37, 'Романова', 'Оксана', 'Вадимовна', 22, 8),
    (38, 'Пушкина', 'Наталья', 'Александровна', 20, 8),
    (39, 'Кошкина', 'Диана', 'Васильевна', 19, 8),
    (40, 'Котельников', 'Иван', 'Григорьевич', 20, 8),
    (41, 'Колесникова', 'Наталья', 'Станиславовна', 21, 9),
    (42, 'Плотников', 'Евгений', 'Юрьевич', 15, 9),
    (43, 'Григорьев', 'Дмитрий', 'Романович', 21, 9),
    (44, 'Кошкин', 'Юрий', 'Максимович', 21, 9),
    (45, 'Рыбаков', 'Антон', 'Дмитриевич', 20, 9);